sim_id,split,tendon_l1,visco_g1,visco_t1,ramp_time,mse,rmse,mae,max_ae,peak_true,peak_pred,peak_abs_err,final_true,final_pred,final_abs_err
full_v2_001,val,3.0,0.30000001192092896,0.10000000149011612,0.10000000149011612,6.757045048289001e-05,0.008220124724290382,0.006635924335569143,0.019287407398223877,0.7667508125305176,0.7474634051322937,0.019287407398223877,0.6069782972335815,0.5907264351844788,0.016251862049102783
full_v2_006,val,3.0,0.30000001192092896,0.20000000298023224,0.20000000298023224,4.6718578232685104e-05,0.0068350989921642765,0.0050237830728292465,0.018920600414276123,0.7667537927627563,0.7478331923484802,0.018920600414276123,0.610065758228302,0.6037538647651672,0.006311893463134766
full_v2_007,val,3.0,0.30000001192092896,0.20000000298023224,0.30000001192092896,4.640849874704145e-05,0.00681237834732052,0.00495937978848815,0.015270829200744629,0.7390103936195374,0.7237395644187927,0.015270829200744629,0.6111624836921692,0.6050422191619873,0.006120264530181885
full_v2_032,val,3.0,0.44999998807907104,0.4000000059604645,0.4000000059604645,5.091352795716375e-05,0.007135371606101798,0.005384863819926977,0.014580607414245605,0.7226519584655762,0.7080713510513306,0.014580607414245605,0.536358118057251,0.5317903757095337,0.004567742347717285
full_v2_045,val,3.0,0.6000000238418579,0.4000000059604645,0.10000000149011612,8.280128531623632e-05,0.009099521158623475,0.007299746386706829,0.02741873264312744,0.799902617931366,0.7724838852882385,0.02741873264312744,0.40254271030426025,0.3944791853427887,0.008063524961471558
full_v2_046,val,3.0,0.6000000238418579,0.4000000059604645,0.20000000298023224,6.179630872793496e-05,0.007861062824321845,0.006474158726632595,0.019858479499816895,0.753178060054779,0.7333195805549622,0.019858479499816895,0.4096989333629608,0.4060973525047302,0.003601580858230591
full_v2_047,val,3.0,0.6000000238418579,0.4000000059604645,0.30000001192092896,5.1975363021483645e-05,0.00720939408143872,0.005807226989418268,0.015858113765716553,0.7130206227302551,0.6971625089645386,0.015858113765716553,0.4181751608848572,0.41509467363357544,0.0030804872512817383
full_v2_056,val,3.0,0.75,0.20000000298023224,0.4000000059604645,5.498150858329609e-05,0.007414951691231447,0.006494696252048016,0.013038009405136108,0.5099451541900635,0.5023671984672546,0.007577955722808838,0.2378360778093338,0.2364705502986908,0.0013655275106430054
full_v2_067,val,4.0,0.30000001192092896,0.10000000149011612,0.30000001192092896,9.202228102367371e-05,0.009592824454959745,0.007329845800995827,0.022669434547424316,0.9069448113441467,0.900850772857666,0.006094038486480713,0.8001227378845215,0.7853682041168213,0.014754533767700195
full_v2_072,val,4.0,0.30000001192092896,0.20000000298023224,0.4000000059604645,8.174419053830206e-05,0.009041249390338818,0.006518774200230837,0.02115526795387268,0.9443689584732056,0.9330810308456421,0.011287927627563477,0.8076425790786743,0.8003814816474915,0.007261097431182861
full_v2_075,val,4.0,0.30000001192092896,0.30000001192092896,0.30000001192092896,7.717200060142204e-05,0.008784759564235212,0.006696347147226334,0.021520406007766724,1.0076123476028442,0.9928889870643616,0.014723360538482666,0.8210870027542114,0.8172915577888489,0.003795444965362549
full_v2_083,val,4.0,0.44999998807907104,0.10000000149011612,0.30000001192092896,9.883460006676614e-05,0.009941559237200477,0.00840351078659296,0.019455701112747192,0.7980763912200928,0.7914721965789795,0.006604194641113281,0.634937047958374,0.6277793645858765,0.007157683372497559
full_v2_084,val,4.0,0.44999998807907104,0.10000000149011612,0.4000000059604645,8.742944919504225e-05,0.009350371607323544,0.007648414466530085,0.01921096444129944,0.7622824907302856,0.7588914036750793,0.003391087055206299,0.6351332664489746,0.6266916394233704,0.008441627025604248
full_v2_085,val,4.0,0.44999998807907104,0.20000000298023224,0.10000000149011612,0.00011017225187970325,0.010496297055614577,0.008761919103562832,0.029264748096466064,1.0229222774505615,0.9936575293540955,0.029264748096466064,0.6396793723106384,0.6294422745704651,0.01023709774017334
full_v2_093,val,4.0,0.44999998807907104,0.4000000059604645,0.10000000149011612,0.00012598111061379313,0.011224130728648573,0.009510155767202377,0.028824567794799805,1.0682404041290283,1.0394158363342285,0.028824567794799805,0.6835381388664246,0.6786823272705078,0.004855811595916748
full_v2_102,val,4.0,0.6000000238418579,0.20000000298023224,0.20000000298023224,0.0001226939493790269,0.011076730085139156,0.009667865000665188,0.021541118621826172,0.8929401636123657,0.8713990449905396,0.021541118621826172,0.4754035770893097,0.4711829125881195,0.0042206645011901855
full_v2_103,val,4.0,0.6000000238418579,0.20000000298023224,0.30000001192092896,0.00010487172403372824,0.010240689626862453,0.008981169201433659,0.018757343292236328,0.8200784921646118,0.803719162940979,0.016359329223632812,0.4785328507423401,0.4769066572189331,0.0016261935234069824
full_v2_112,val,4.0,0.6000000238418579,0.4000000059604645,0.4000000059604645,8.372861339012161e-05,0.00915033405893586,0.0071073537692427635,0.02067035436630249,0.8929423689842224,0.8810908794403076,0.011851489543914795,0.5672377347946167,0.5600419640541077,0.007195770740509033
full_v2_118,val,4.0,0.75,0.20000000298023224,0.20000000298023224,0.00010905776434810832,0.01044307255304244,0.009090643376111984,0.019327491521835327,0.8351828455924988,0.8171786069869995,0.018004238605499268,0.3064473569393158,0.29988783597946167,0.006559520959854126
full_v2_137,val,5.0,0.30000001192092896,0.30000001192092896,0.10000000149011612,0.0001282479934161529,0.011324663059718505,0.009490716271102428,0.029240012168884277,1.3240426778793335,1.2948026657104492,0.029240012168884277,1.0067081451416016,0.9975306987762451,0.009177446365356445
full_v2_140,val,5.0,0.30000001192092896,0.30000001192092896,0.4000000059604645,0.00014557072427123785,0.012065269341015055,0.008867333643138409,0.028153270483016968,1.2112512588500977,1.2021008729934692,0.009150385856628418,1.0203778743743896,1.0147747993469238,0.00560307502746582
full_v2_142,val,5.0,0.30000001192092896,0.4000000059604645,0.20000000298023224,0.00010657127131707966,0.010323336249346898,0.007292924914509058,0.02607637643814087,1.3002700805664062,1.2754161357879639,0.024853944778442383,1.0329880714416504,1.0262421369552612,0.00674593448638916
full_v2_145,val,5.0,0.44999998807907104,0.10000000149011612,0.10000000149011612,0.00017182320880237967,0.013108135214529169,0.011521408334374428,0.026013612747192383,1.1721699237823486,1.1461563110351562,0.026013612747192383,0.7863803505897522,0.7679458260536194,0.018434524536132812
full_v2_150,val,5.0,0.44999998807907104,0.20000000298023224,0.20000000298023224,0.00012139077443862334,0.011017748156434842,0.00904611311852932,0.02504289150238037,1.1721774339675903,1.14713454246521,0.02504289150238037,0.7944931983947754,0.7856409549713135,0.008852243423461914
full_v2_161,val,5.0,0.6000000238418579,0.10000000149011612,0.10000000149011612,0.00018724116671364754,0.013683609418338698,0.011809769086539745,0.033638596534729004,1.102167010307312,1.068528413772583,0.033638596534729004,0.5790106654167175,0.5557963848114014,0.023214280605316162
full_v2_183,val,5.0,0.75,0.20000000298023224,0.30000001192092896,0.00011139584239572287,0.0105544228831198,0.008737105876207352,0.023501992225646973,0.9197952747344971,0.9023351073265076,0.017460167407989502,0.38711017370224,0.3793180584907532,0.007792115211486816
full_v2_184,val,5.0,0.75,0.20000000298023224,0.4000000059604645,0.00012097755097784102,0.010998979542568529,0.008983232080936432,0.02365964651107788,0.8341321349143982,0.8243631720542908,0.009768962860107422,0.3944186866283417,0.3880394995212555,0.006379187107086182
full_v2_187,val,5.0,0.75,0.30000001192092896,0.30000001192092896,0.0001111953824874945,0.01054492211860735,0.008218328468501568,0.024489283561706543,1.0317599773406982,1.0117868185043335,0.019973158836364746,0.44072815775871277,0.4340835213661194,0.006644636392593384
full_v2_194,val,6.0,0.30000001192092896,0.10000000149011612,0.20000000298023224,0.00018541121971793473,0.01361657885512858,0.01091853529214859,0.03377312421798706,1.3796175718307495,1.371047019958496,0.008570551872253418,1.1735163927078247,1.1507269144058228,0.022789478302001953
full_v2_207,val,6.0,0.30000001192092896,0.4000000059604645,0.30000001192092896,0.00015739482478238642,0.012545709417262399,0.008577222004532814,0.03271394968032837,1.5011321306228638,1.48252272605896,0.01860940456390381,1.2332371473312378,1.2259876728057861,0.00724947452545166
full_v2_216,val,6.0,0.44999998807907104,0.20000000298023224,0.4000000059604645,0.00016724446322768927,0.012932303090621147,0.009698129259049892,0.02998673915863037,1.2519207000732422,1.2382725477218628,0.013648152351379395,0.9531849026679993,0.9427054524421692,0.010479450225830078
full_v2_230,val,6.0,0.6000000238418579,0.20000000298023224,0.20000000298023224,0.00017055643547791988,0.013059725704543716,0.010914070531725883,0.028958886861801147,1.306318998336792,1.2783689498901367,0.027950048446655273,0.7043372392654419,0.6912400126457214,0.013097226619720459
full_v2_240,val,6.0,0.6000000238418579,0.4000000059604645,0.4000000059604645,0.000196634151507169,0.014022629978259036,0.01027199998497963,0.03230750560760498,1.3063219785690308,1.2944118976593018,0.011910080909729004,0.8398106694221497,0.8227587938308716,0.017051875591278076
full_v2_251,val,6.0,0.75,0.30000001192092896,0.30000001192092896,0.00015261347289197147,0.012353682563995704,0.009025613777339458,0.029540598392486572,1.223857045173645,1.2010687589645386,0.022788286209106445,0.5278686881065369,0.5152905583381653,0.012578129768371582
full_v2_252,val,6.0,0.75,0.30000001192092896,0.4000000059604645,0.00016708244220353663,0.012926037374367158,0.009649796411395073,0.030120939016342163,1.132399082183838,1.1187604665756226,0.013638615608215332,0.5463123917579651,0.5352539420127869,0.011058449745178223
full_v2_255,val,6.0,0.75,0.4000000059604645,0.30000001192092896,0.00017573889635968953,0.013256654795222268,0.009396697394549847,0.029661625623703003,1.3045047521591187,1.2779121398925781,0.026592612266540527,0.6082860231399536,0.6000565886497498,0.008229434490203857
full_v2_003,test,3.0,0.30000001192092896,0.10000000149011612,0.30000001192092896,5.428709846455604e-05,0.007367977908799404,0.0056777773424983025,0.016261547803878784,0.6891637444496155,0.6817733645439148,0.007390379905700684,0.6070393323898315,0.5943745970726013,0.012664735317230225
full_v2_010,test,3.0,0.30000001192092896,0.30000001192092896,0.20000000298023224,4.924516906612553e-05,0.007017490225581046,0.005250484682619572,0.01915663480758667,0.7902746200561523,0.7711179852485657,0.01915663480758667,0.6202139258384705,0.6157852411270142,0.004428684711456299
full_v2_013,test,3.0,0.30000001192092896,0.4000000059604645,0.10000000149011612,9.584318468114361e-05,0.009789953252245059,0.006654274184256792,0.029317378997802734,0.8272136449813843,0.7978962659835815,0.029317378997802734,0.6309603452682495,0.6220897436141968,0.008870601654052734
full_v2_021,test,3.0,0.44999998807907104,0.20000000298023224,0.10000000149011612,7.595487841172144e-05,0.00871520960228275,0.006929118186235428,0.027154386043548584,0.7785735726356506,0.751419186592102,0.027154386043548584,0.48412156105041504,0.4759937524795532,0.008127808570861816
full_v2_023,test,3.0,0.44999998807907104,0.20000000298023224,0.30000001192092896,5.039380266680382e-05,0.00709885925109125,0.005781043320894241,0.015807032585144043,0.6808308959007263,0.6650238633155823,0.015807032585144043,0.4870119094848633,0.48380881547927856,0.003203094005584717
full_v2_025,test,3.0,0.44999998807907104,0.30000001192092896,0.10000000149011612,8.454476483166218e-05,0.009194822718881652,0.007624886464327574,0.02619117498397827,0.8012958765029907,0.7751047015190125,0.02619117498397827,0.4975423216819763,0.4915604889392853,0.00598183274269104
full_v2_034,test,3.0,0.6000000238418579,0.10000000149011612,0.20000000298023224,8.008351142052561e-05,0.00894893912262932,0.007797278463840485,0.014204323291778564,0.5797384977340698,0.5655341744422913,0.014204323291778564,0.35215428471565247,0.3457709550857544,0.006383329629898071
full_v2_035,test,3.0,0.6000000238418579,0.10000000149011612,0.30000001192092896,6.236866465769708e-05,0.00789738340576783,0.006898738443851471,0.012240320444107056,0.5210864543914795,0.5121863484382629,0.008900105953216553,0.35224875807762146,0.34760141372680664,0.004647344350814819
full_v2_044,test,3.0,0.6000000238418579,0.30000001192092896,0.4000000059604645,4.789180093212053e-05,0.006920390229757317,0.005820571910589933,0.013919949531555176,0.6393111944198608,0.6285926103591919,0.010718584060668945,0.3933756947517395,0.3897687494754791,0.003606945276260376
full_v2_052,test,3.0,0.75,0.10000000149011612,0.4000000059604645,4.474975139601156e-05,0.006689525498569503,0.005695791449397802,0.011472538113594055,0.38921719789505005,0.3860950171947479,0.003122180700302124,0.22224174439907074,0.21787500381469727,0.004366740584373474
full_v2_062,test,3.0,0.75,0.4000000059604645,0.20000000298023224,8.251312101492658e-05,0.009083673321675905,0.007926840335130692,0.021906495094299316,0.7277278304100037,0.7058213353157043,0.021906495094299316,0.29554277658462524,0.2987039387226105,0.0031611621379852295
full_v2_064,test,3.0,0.75,0.4000000059604645,0.4000000059604645,5.600802614935674e-05,0.007483851023995383,0.00632083136588335,0.015370428562164307,0.6339500546455383,0.618579626083374,0.015370428562164307,0.3190666735172272,0.3202956020832062,0.001228928565979004
full_v2_065,test,4.0,0.30000001192092896,0.10000000149011612,0.10000000149011612,9.442618465982378e-05,0.009717313654494424,0.008194350637495518,0.020519256591796875,1.0076076984405518,0.9884263873100281,0.01918131113052368,0.8000408411026001,0.7811619639396667,0.01887887716293335
full_v2_077,test,4.0,0.30000001192092896,0.4000000059604645,0.10000000149011612,9.72738052951172e-05,0.009862748364179084,0.006742777302861214,0.030790090560913086,1.0859079360961914,1.0551178455352783,0.030790090560913086,0.8314857482910156,0.8226357698440552,0.00884997844696045
full_v2_087,test,4.0,0.44999998807907104,0.20000000298023224,0.30000001192092896,8.133387746056542e-05,0.009018529672877139,0.007375278510153294,0.0194186270236969,0.8961191177368164,0.8787188529968262,0.017400264739990234,0.6435191035270691,0.6392738819122314,0.0042452216148376465
full_v2_089,test,4.0,0.44999998807907104,0.30000001192092896,0.10000000149011612,0.00013460993068292737,0.01160215198499517,0.010013925842940807,0.02737557888031006,1.0523542165756226,1.0249786376953125,0.02737557888031006,0.6574556231498718,0.6500272154808044,0.007428407669067383
full_v2_090,test,4.0,0.44999998807907104,0.30000001192092896,0.20000000298023224,0.0001051611834554933,0.010254812697240906,0.008860207162797451,0.020604729652404785,0.9963270425796509,0.9771562814712524,0.019170761108398438,0.6619296669960022,0.6588042378425598,0.003125429153442383
full_v2_098,test,4.0,0.6000000238418579,0.10000000149011612,0.20000000298023224,0.00012040168803650886,0.010972770299086228,0.00960439071059227,0.01775944232940674,0.7645757794380188,0.7468163371086121,0.01775944232940674,0.4663715958595276,0.4566086530685425,0.009762942790985107
full_v2_100,test,4.0,0.6000000238418579,0.10000000149011612,0.4000000059604645,6.678222416667268e-05,0.008172039168204756,0.00708092050626874,0.015279710292816162,0.6395953297615051,0.631866455078125,0.007728874683380127,0.4667852222919464,0.45833146572113037,0.00845375657081604
full_v2_110,test,4.0,0.6000000238418579,0.4000000059604645,0.20000000298023224,8.779652853263542e-05,0.009369980177814435,0.007740415167063475,0.021619737148284912,0.9900059700012207,0.9683862328529358,0.021619737148284912,0.5428878664970398,0.5362727046012878,0.006615161895751953
full_v2_135,test,5.0,0.30000001192092896,0.20000000298023224,0.30000001192092896,0.00010793011460918933,0.010388941938868912,0.007632967084646225,0.026498407125473022,1.1980193853378296,1.1820683479309082,0.015951037406921387,0.9956609010696411,0.9882031679153442,0.007457733154296875
full_v2_136,test,5.0,0.30000001192092896,0.20000000298023224,0.4000000059604645,0.00013167258293833584,0.011474867447527915,0.008206009864807129,0.02721133828163147,1.1648253202438354,1.1545201539993286,0.010305166244506836,0.9982132315635681,0.9903285503387451,0.007884681224822998
full_v2_139,test,5.0,0.30000001192092896,0.30000001192092896,0.30000001192092896,0.00012001774302916601,0.0109552609749456,0.008359107188880444,0.027418792247772217,1.2417607307434082,1.227292537689209,0.014468193054199219,1.0147277116775513,1.0102397203445435,0.0044879913330078125
full_v2_147,test,5.0,0.44999998807907104,0.10000000149011612,0.30000001192092896,0.00013554940233007073,0.011642568545216761,0.009786535985767841,0.024140387773513794,0.9864033460617065,0.978324294090271,0.008079051971435547,0.7865520119667053,0.7759868502616882,0.01056516170501709
full_v2_154,test,5.0,0.44999998807907104,0.30000001192092896,0.20000000298023224,0.00013931977446191013,0.011803379789785217,0.010047310031950474,0.0261266827583313,1.2280319929122925,1.2076455354690552,0.020386457443237305,0.8201040029525757,0.8142015933990479,0.005902409553527832
full_v2_158,test,5.0,0.44999998807907104,0.4000000059604645,0.20000000298023224,0.00013710206258110702,0.011709058996397063,0.009922036901116371,0.02617618441581726,1.260370135307312,1.238455891609192,0.021914243698120117,0.855230450630188,0.8523551821708679,0.0028752684593200684
full_v2_160,test,5.0,0.44999998807907104,0.4000000059604645,0.4000000059604645,0.00014543907309416682,0.012059812315876512,0.009266908280551434,0.027399718761444092,1.1721792221069336,1.1619186401367188,0.010260581970214844,0.8771917223930359,0.8726488351821899,0.004542887210845947
full_v2_165,test,5.0,0.6000000238418579,0.20000000298023224,0.10000000149011612,0.0001692575024208054,0.013009900169517266,0.011226381175220013,0.03208518028259277,1.2203342914581299,1.188249111175537,0.03208518028259277,0.5877808928489685,0.5718357563018799,0.015945136547088623
full_v2_174,test,5.0,0.6000000238418579,0.4000000059604645,0.20000000298023224,0.00011352477304171771,0.010654800469352662,0.008576057851314545,0.025640428066253662,1.220341444015503,1.196806788444519,0.023534655570983887,0.674444317817688,0.6627675294876099,0.011676788330078125
full_v2_192,test,5.0,0.75,0.4000000059604645,0.4000000059604645,0.00012253366003278643,0.01106949231142903,0.008371270261704922,0.024792969226837158,1.031760811805725,1.0150641202926636,0.016696691513061523,0.528917670249939,0.5255926847457886,0.0033249855041503906
full_v2_210,test,6.0,0.44999998807907104,0.10000000149011612,0.20000000298023224,0.0001948251883732155,0.013957979380025444,0.012034520506858826,0.02948930859565735,1.2519186735153198,1.2359141111373901,0.016004562377929688,0.9353756308555603,0.9187172055244446,0.016658425331115723
full_v2_215,test,6.0,0.44999998807907104,0.20000000298023224,0.30000001192092896,0.00015201953647192568,0.012329620289040765,0.0094955675303936,0.029561340808868408,1.310849905014038,1.289365530014038,0.021484375,0.9484186172485352,0.9380223155021667,0.010396301746368408
full_v2_222,test,6.0,0.44999998807907104,0.4000000059604645,0.20000000298023224,0.00017741959891282022,0.013319894853669837,0.011108499020338058,0.03208351135253906,1.491237998008728,1.4700912237167358,0.021146774291992188,1.0170756578445435,1.0117758512496948,0.005299806594848633
full_v2_224,test,6.0,0.44999998807907104,0.4000000059604645,0.4000000059604645,0.00021772444597445428,0.014755488672844905,0.011151893064379692,0.03356647491455078,1.3882064819335938,1.3795751333236694,0.008631348609924316,1.0429233312606812,1.0361177921295166,0.006805539131164551
full_v2_236,test,6.0,0.6000000238418579,0.30000001192092896,0.4000000059604645,0.00019809910736512393,0.01407476846577321,0.010788184590637684,0.031977176666259766,1.2337936162948608,1.2247205972671509,0.009073019027709961,0.7726240754127502,0.7594084143638611,0.01321566104888916
full_v2_250,test,6.0,0.75,0.30000001192092896,0.20000000298023224,0.00014234254194889218,0.011930739371425905,0.009107815101742744,0.02998065948486328,1.3340381383895874,1.307358741760254,0.026679396629333496,0.513103723526001,0.4980502724647522,0.01505345106124878
